segment_id,rate_of_penetration
wellbore_chev_no_14_665,74.81090033205008
wellbore_chev_no_14_681,74.81090033205008
wellbore_chev_no_14_682,74.81090033205008
wellbore_chev_no_14_683,74.81090033205008
wellbore_chev_no_14_684,74.81090033205008
wellbore_chev_no_14_685,74.81090033205008
wellbore_chev_no_14_686,74.81090033205008
wellbore_chev_no_14_687,74.81090033205008
wellbore_chev_no_14_688,74.81090033205008
wellbore_chev_no_14_689,74.81090033205008
wellbore_chev_no_14_690,74.81090033205008
wellbore_chev_no_14_691,74.81090033205008
wellbore_chev_no_14_692,74.81090033205008
wellbore_chev_no_14_693,74.81090033205008
wellbore_chev_no_14_694,74.81090033205008
wellbore_chev_no_14_695,74.81090033205008
wellbore_chev_no_14_696,74.75243589090007
wellbore_chev_no_14_697,74.75243589090007
wellbore_chev_no_14_698,74.75243589090007
wellbore_chev_no_14_699,74.75243589090007
wellbore_chev_no_14_700,75.59596758130009
wellbore_chev_no_14_701,73.80408502285007
wellbore_chev_no_14_702,73.80408502285007
wellbore_chev_no_14_703,73.80408502285007
wellbore_chev_no_14_704,73.80408502285007
wellbore_chev_no_14_705,72.25294418057504
wellbore_chev_no_14_706,72.25294418057504
wellbore_chev_no_14_707,72.25294418057504
wellbore_chev_no_14_708,73.57774200792508
wellbore_chev_no_14_709,73.57774200792508
wellbore_chev_no_14_710,73.27088050892506
wellbore_chev_no_14_711,73.27088050892506
wellbore_chev_no_14_712,73.27088050892506
wellbore_chev_no_14_713,73.27088050892506
wellbore_chev_no_14_714,73.27088050892506
wellbore_chev_no_14_715,73.27088050892506
wellbore_chev_no_14_716,73.27088050892506
wellbore_chev_no_14_717,73.27088050892506
wellbore_chev_no_14_718,73.27088050892506
wellbore_chev_no_14_719,73.27088050892506
wellbore_chev_no_14_720,73.27088050892506
wellbore_chev_no_14_721,72.19256144547508
wellbore_chev_no_14_722,72.19256144547508
wellbore_chev_no_14_723,72.19256144547508
wellbore_chev_no_14_724,72.19256144547508
wellbore_chev_no_14_725,72.19256144547508
wellbore_chev_no_14_726,72.19256144547508
wellbore_chev_no_14_727,72.19256144547508
wellbore_chev_no_14_728,72.19256144547508
wellbore_chev_no_14_729,72.19256144547508
wellbore_chev_no_14_730,72.19256144547508
wellbore_chev_no_14_731,72.19256144547508
wellbore_chev_no_14_732,72.19256144547508
wellbore_chev_no_14_733,72.19256144547508
wellbore_chev_no_14_734,72.19256144547508
wellbore_chev_no_14_735,74.81090033205008
wellbore_chev_no_14_736,74.81090033205008
wellbore_chev_no_14_737,74.81090033205008
wellbore_chev_no_14_738,74.81090033205008
wellbore_chev_no_14_739,74.81090033205008
wellbore_chev_no_14_740,74.81090033205008
wellbore_chev_no_14_741,74.81090033205008
wellbore_chev_no_14_742,74.81090033205008
wellbore_chev_no_14_743,74.81090033205008
wellbore_chev_no_14_744,74.81090033205008
wellbore_chev_no_14_745,74.81090033205008
wellbore_chev_no_14_746,74.81090033205008
wellbore_chev_no_14_747,74.81090033205008
wellbore_chev_no_14_748,74.81090033205008
wellbore_chev_no_14_749,74.83137556715008
wellbore_chev_no_14_750,74.83137556715008
wellbore_chev_no_14_751,74.83137556715008
wellbore_chev_no_14_752,74.83137556715008
wellbore_chev_no_14_753,74.83137556715008
wellbore_chev_no_14_754,74.83137556715008
wellbore_chev_no_14_755,74.83137556715008
wellbore_chev_no_14_756,74.83137556715008
wellbore_chev_no_14_757,74.83137556715008
wellbore_chev_no_14_758,74.83137556715008
wellbore_chev_no_14_759,74.83137556715008
wellbore_chev_no_14_760,74.83137556715008
wellbore_chev_no_14_761,74.83137556715008
wellbore_chev_no_14_762,74.83137556715008
wellbore_chev_no_14_763,74.83137556715008
wellbore_chev_no_14_764,74.83137556715008
wellbore_chev_no_14_765,74.8890484772751
wellbore_chev_no_14_766,74.8890484772751
wellbore_chev_no_14_767,74.8890484772751
wellbore_chev_no_14_768,74.8890484772751
wellbore_chev_no_14_769,74.8890484772751
wellbore_chev_no_14_770,74.8890484772751
wellbore_chev_no_14_771,74.8890484772751
wellbore_chev_no_14_772,74.8890484772751
wellbore_chev_no_14_773,74.8890484772751
wellbore_chev_no_14_774,74.8890484772751
wellbore_chev_no_14_775,74.8890484772751
wellbore_chev_no_14_776,74.8890484772751
wellbore_chev_no_14_777,74.84717751412508
wellbore_chev_no_14_778,74.84717751412508
wellbore_chev_no_14_779,74.84717751412508
wellbore_chev_no_14_780,74.84717751412508
wellbore_chev_no_14_781,74.84717751412508
wellbore_chev_no_14_782,74.84717751412508
wellbore_chev_no_14_783,74.84717751412508
wellbore_chev_no_14_784,74.84717751412508
wellbore_chev_no_14_785,74.84717751412508
wellbore_chev_no_14_786,74.38673914867508
wellbore_chev_no_14_787,74.38673914867508
wellbore_chev_no_14_788,74.38673914867508
wellbore_chev_no_14_789,74.38673914867508
wellbore_chev_no_14_790,74.38673914867508
wellbore_chev_no_14_791,74.38673914867508
wellbore_chev_no_14_792,74.38673914867508
wellbore_chev_no_14_793,74.38673914867508
wellbore_chev_no_14_794,74.38673914867508
wellbore_chev_no_14_795,73.41288267117507
wellbore_chev_no_14_796,73.41288267117507
wellbore_chev_no_14_797,73.41288267117507
wellbore_chev_no_14_798,74.36616750120008
wellbore_chev_no_14_799,74.36616750120008
wellbore_chev_no_14_800,74.36616750120008
wellbore_chev_no_14_801,74.36616750120008
wellbore_chev_no_14_802,74.67556878437509
wellbore_chev_no_14_803,72.53201707907509
wellbore_chev_no_14_804,72.53201707907509
wellbore_chev_no_14_805,75.12030161522507
wellbore_chev_no_14_806,75.12030161522507
wellbore_chev_no_14_807,75.12030161522507
wellbore_chev_no_14_808,75.12030161522507
wellbore_chev_no_14_809,75.12030161522507
wellbore_chev_no_14_810,75.12030161522507
wellbore_chev_no_14_811,75.12030161522507
wellbore_chev_no_14_812,75.12030161522507
wellbore_chev_no_14_813,75.12030161522507
wellbore_chev_no_14_814,75.12030161522507
wellbore_chev_no_14_815,75.12030161522507
wellbore_chev_no_14_816,75.12030161522507
wellbore_chev_no_14_817,75.12030161522507
wellbore_chev_no_14_818,75.12030161522507
wellbore_chev_no_14_819,75.12030161522507
wellbore_chev_no_14_820,75.12030161522507
wellbore_chev_no_14_821,75.12030161522507
wellbore_chev_no_14_822,75.12030161522507
wellbore_chev_no_14_823,75.12030161522507
wellbore_chev_no_14_824,75.12030161522507
wellbore_chev_no_14_825,75.12030161522507
wellbore_chev_no_14_826,75.12030161522507
wellbore_chev_no_14_827,73.43349578732506
wellbore_chev_no_14_828,75.26675030677508
wellbore_chev_no_14_829,75.26675030677508
wellbore_chev_no_14_830,75.26675030677508
wellbore_chev_no_14_831,75.26675030677508
wellbore_chev_no_14_832,75.26675030677508
wellbore_chev_no_14_833,75.26675030677508
wellbore_chev_no_14_834,75.12030161522507
wellbore_chev_no_14_835,75.12030161522507
wellbore_chev_no_14_836,75.12030161522507
wellbore_chev_no_14_837,75.12030161522507
wellbore_chev_no_14_838,75.12030161522507
wellbore_chev_no_14_839,75.12030161522507
wellbore_chev_no_14_840,75.12030161522507
wellbore_chev_no_14_841,75.07960159765008
wellbore_chev_no_14_842,75.07960159765008
wellbore_chev_no_14_843,75.07960159765008
wellbore_chev_no_14_844,75.12030161522507
wellbore_chev_no_14_845,75.12030161522507
wellbore_chev_no_14_846,75.12030161522507
wellbore_chev_no_14_847,75.13598413032508
wellbore_chev_no_14_848,75.13598413032508
wellbore_chev_no_14_849,75.13598413032508
wellbore_chev_no_14_850,75.13598413032508
wellbore_chev_no_14_851,75.12030161522507
wellbore_chev_no_14_852,75.12030161522507
wellbore_chev_no_14_853,75.12030161522507
wellbore_chev_no_14_854,74.81090033205008
wellbore_chev_no_14_855,74.81090033205008
wellbore_chev_no_14_856,74.81090033205008
wellbore_chev_no_14_857,74.81090033205008
wellbore_chev_no_14_858,74.81090033205008
wellbore_chev_no_14_859,74.81090033205008
wellbore_chev_no_14_860,74.81090033205008
wellbore_chev_no_14_861,74.81090033205008
wellbore_chev_no_14_862,74.81090033205008
wellbore_chev_no_14_863,74.81090033205008
wellbore_chev_no_14_864,74.76568958490009
wellbore_chev_no_14_865,74.76568958490009
wellbore_chev_no_14_866,74.76568958490009
wellbore_chev_no_14_867,74.76568958490009
wellbore_chev_no_14_868,74.76568958490009
wellbore_chev_no_14_869,74.76568958490009
wellbore_chev_no_14_870,74.76568958490009
wellbore_chev_no_14_871,74.76568958490009
wellbore_chev_no_14_872,74.76568958490009
wellbore_chev_no_14_873,74.84859374785009
wellbore_chev_no_14_874,74.84859374785009
wellbore_chev_no_14_875,74.84859374785009
wellbore_chev_no_14_876,63.038762009100076
wellbore_chev_no_14_877,63.038762009100076
wellbore_chev_no_14_878,75.1883555083251
wellbore_chev_no_14_879,75.1883555083251
wellbore_chev_no_14_880,75.1883555083251
wellbore_chev_no_14_881,73.77793032877507
wellbore_chev_no_14_882,73.83744134730007
wellbore_chev_no_14_883,73.83744134730007
wellbore_chev_no_14_884,73.83744134730007
wellbore_chev_no_14_885,74.9530392140251
wellbore_chev_no_14_886,74.9530392140251
wellbore_chev_no_14_887,74.9530392140251
wellbore_chev_no_14_888,74.81090033205008
wellbore_chev_no_14_889,74.81090033205008
wellbore_chev_no_14_890,74.81090033205008
wellbore_chev_no_14_891,74.64627576692509
wellbore_chev_no_14_892,74.64627576692509
wellbore_chev_no_14_893,75.14299579387509
wellbore_chev_no_14_894,74.50120509067509
wellbore_chev_no_14_895,74.50120509067509
wellbore_chev_no_14_896,74.50120509067509
wellbore_chev_no_14_897,74.81090033205008
wellbore_chev_no_14_898,74.81090033205008
wellbore_chev_no_14_899,75.28421049347507
wellbore_chev_no_14_900,75.28421049347507
wellbore_chev_no_14_901,73.6460427639751
wellbore_chev_no_14_902,74.61928331280008
wellbore_chev_no_14_903,74.61928331280008
wellbore_chev_no_14_904,74.61928331280008
wellbore_chev_no_14_905,74.81090033205008
wellbore_chev_no_14_906,74.81090033205008
wellbore_chev_no_14_907,74.91270735270008
wellbore_chev_no_14_908,74.30430798125009
wellbore_chev_no_14_909,74.30430798125009
wellbore_chev_no_14_910,74.30430798125009
wellbore_chev_no_14_911,74.30430798125009
wellbore_chev_no_14_912,74.30430798125009
wellbore_chev_no_14_913,74.77310892972508
wellbore_chev_no_14_914,74.77310892972508
wellbore_chev_no_14_915,74.77310892972508
wellbore_chev_no_14_916,74.96624891530008
wellbore_chev_no_14_917,74.79225969455008
wellbore_chev_no_14_918,74.79225969455008
wellbore_chev_no_14_919,74.79225969455008
wellbore_chev_no_14_920,74.79225969455008
wellbore_chev_no_14_921,74.79225969455008
wellbore_chev_no_14_922,73.86084955902507
wellbore_chev_no_14_923,73.86084955902507
wellbore_chev_no_14_924,73.86084955902507
wellbore_chev_no_14_925,73.86084955902507
wellbore_chev_no_14_926,73.86084955902507
wellbore_chev_no_14_927,75.32410337782508
wellbore_chev_no_14_928,75.32410337782508
wellbore_chev_no_14_929,75.32410337782508
wellbore_chev_no_14_930,75.32410337782508
wellbore_chev_no_14_931,74.68612115467506
wellbore_chev_no_14_932,74.68612115467506
wellbore_chev_no_14_933,74.68612115467506
wellbore_chev_no_14_934,74.81090033205008
wellbore_chev_no_14_935,75.84812366785009
wellbore_chev_no_14_936,74.81090033205008
wellbore_chev_no_14_937,74.81090033205008
wellbore_chev_no_14_938,74.81090033205008
wellbore_chev_no_14_939,75.50827448800008
wellbore_chev_no_14_940,75.50827448800008
wellbore_chev_no_14_941,75.50827448800008
wellbore_chev_no_14_942,74.92642248032509
wellbore_chev_no_14_943,75.29090099317509
wellbore_chev_no_14_944,75.29090099317509
wellbore_chev_no_14_945,75.29090099317509
wellbore_chev_no_14_946,75.29090099317509
wellbore_chev_no_14_947,74.81090033205008
wellbore_chev_no_14_948,74.81090033205008
wellbore_chev_no_14_949,74.81090033205008
wellbore_chev_no_14_950,74.81090033205008
wellbore_chev_no_14_951,74.81090033205008
wellbore_chev_no_14_952,74.81090033205008
wellbore_chev_no_14_953,74.80332335255007
wellbore_chev_no_14_954,75.14650117930009
wellbore_chev_no_14_955,75.14650117930009
wellbore_chev_no_14_956,75.14650117930009
wellbore_chev_no_14_957,75.14650117930009
wellbore_chev_no_14_958,75.14650117930009
wellbore_chev_no_14_959,75.14650117930009
wellbore_chev_no_14_960,75.14650117930009
wellbore_chev_no_14_961,75.14650117930009
wellbore_chev_no_14_962,75.14650117930009
wellbore_chev_no_16_732,74.38740362287507
wellbore_chev_no_16_733,72.77541149662505
wellbore_chev_no_16_734,71.45087809562509
wellbore_chev_no_16_735,74.84803633397507
wellbore_chev_no_16_736,74.8474460627251
wellbore_chev_no_16_737,74.8474460627251
wellbore_chev_no_16_738,74.8474460627251
wellbore_chev_no_16_739,74.8474460627251
wellbore_chev_no_16_740,74.8474460627251
wellbore_chev_no_16_741,74.8474460627251
wellbore_chev_no_16_742,74.8474460627251
wellbore_chev_no_16_743,74.78708803120008
wellbore_chev_no_16_744,74.78708803120008
wellbore_chev_no_16_745,70.67801936512507
wellbore_chev_no_16_746,68.95612779837502
wellbore_chev_no_16_747,75.56138185950007
wellbore_chev_no_16_748,75.56138185950007
wellbore_chev_no_16_749,75.56138185950007
wellbore_chev_no_16_750,75.56138185950007
wellbore_chev_no_16_751,75.56138185950007
wellbore_chev_no_16_752,75.56138185950007
wellbore_chev_no_16_753,75.56138185950007
wellbore_chev_no_16_754,73.75703594612506
wellbore_chev_no_16_755,72.1681936253
wellbore_chev_no_16_756,72.1681936253
wellbore_chev_no_16_757,74.45734091267505
wellbore_chev_no_16_758,74.45734091267505
wellbore_chev_no_16_759,74.29650314470008
wellbore_chev_no_16_760,74.29650314470008
wellbore_chev_no_16_761,66.21705426784258
wellbore_chev_no_16_762,77.85684809487509
wellbore_chev_no_16_763,77.85684809487509
wellbore_chev_no_16_764,77.85684809487509
wellbore_chev_no_16_765,77.85684809487509
wellbore_chev_no_16_766,77.85684809487509
wellbore_chev_no_16_767,77.85684809487509
wellbore_chev_no_16_768,77.85684809487509
wellbore_chev_no_16_769,77.85684809487509
wellbore_chev_no_16_770,77.85684809487509
wellbore_chev_no_16_771,77.85684809487509
wellbore_chev_no_16_772,77.85684809487509
wellbore_chev_no_16_773,77.85684809487509
wellbore_chev_no_16_774,77.85684809487509
wellbore_chev_no_16_775,77.85684809487509
wellbore_chev_no_16_776,77.85684809487509
wellbore_chev_no_16_777,77.85684809487509
wellbore_chev_no_16_778,77.85684809487509
wellbore_chev_no_16_779,77.85684809487509
wellbore_chev_no_16_780,77.85684809487509
wellbore_chev_no_16_781,77.85684809487509
wellbore_chev_no_16_782,77.85684809487509
wellbore_chev_no_16_783,77.85684809487509
wellbore_chev_no_16_784,77.85684809487509
wellbore_chev_no_16_785,77.85684809487509
wellbore_chev_no_16_786,77.85684809487509
wellbore_chev_no_16_787,77.85684809487509
wellbore_chev_no_16_788,77.85684809487509
wellbore_chev_no_16_789,77.85684809487509
wellbore_chev_no_16_790,77.85684809487509
wellbore_chev_no_16_791,77.85684809487509
wellbore_chev_no_16_792,77.85684809487509
wellbore_chev_no_16_793,77.85684809487509
wellbore_chev_no_16_794,66.72152396039995
wellbore_chev_no_16_795,66.72152396039995
wellbore_chev_no_16_796,66.72152396039995
wellbore_chev_no_16_797,66.72152396039995
wellbore_chev_no_16_798,75.8457312762499
wellbore_chev_no_16_799,75.8457312762499
wellbore_chev_no_16_800,75.8457312762499
wellbore_chev_no_16_801,75.8457312762499
wellbore_chev_no_16_802,74.64479065077508
wellbore_chev_no_16_803,74.64479065077508
wellbore_chev_no_16_804,71.19018539940006
wellbore_chev_no_16_805,71.19018539940006
wellbore_chev_no_16_806,71.19018539940006
wellbore_chev_no_16_807,71.19018539940006
wellbore_chev_no_16_808,71.19018539940006
wellbore_chev_no_16_809,71.19018539940006
wellbore_chev_no_16_810,73.23374855220008
wellbore_chev_no_16_811,73.23374855220008
wellbore_chev_no_16_812,73.23374855220008
wellbore_chev_no_16_813,73.23374855220008
wellbore_chev_no_16_814,73.23374855220008
wellbore_chev_no_16_815,77.73984707917505
wellbore_chev_no_16_816,77.73984707917505
wellbore_chev_no_16_817,77.73984707917505
wellbore_chev_no_16_818,72.65922169057511
wellbore_chev_no_16_819,72.65922169057511
wellbore_chev_no_16_820,72.65922169057511
wellbore_chev_no_16_821,74.9790266466751
wellbore_chev_no_16_822,74.9790266466751
wellbore_chev_no_16_823,117.72169494992501
wellbore_chev_no_16_824,117.72169494992501
wellbore_chev_no_16_825,117.72169494992501
wellbore_chev_no_16_826,117.72169494992501
wellbore_chev_no_16_827,117.72169494992501
wellbore_chev_no_16_828,117.72169494992501
wellbore_chev_no_16_829,70.81853289755007
wellbore_chev_no_16_830,70.67717294930002
wellbore_chev_no_16_831,70.67717294930002
wellbore_chev_no_16_832,70.67717294930002
wellbore_chev_no_16_833,70.67717294930002
wellbore_chev_no_16_834,70.67717294930002
wellbore_chev_no_16_835,70.67717294930002
wellbore_chev_no_16_836,70.67717294930002
wellbore_chev_no_16_837,70.67717294930002
wellbore_chev_no_16_838,70.67717294930002
wellbore_chev_no_16_839,70.67717294930002
wellbore_chev_no_16_840,70.67717294930002
wellbore_chev_no_16_841,70.67717294930002
wellbore_chev_no_16_842,70.67717294930002
wellbore_chev_no_16_843,70.67717294930002
wellbore_chev_no_16_844,70.67717294930002
wellbore_chev_no_16_845,74.81090033205008
wellbore_chev_no_16_846,74.81090033205008
wellbore_chev_no_16_847,74.81090033205008
wellbore_chev_no_16_848,74.81090033205008
wellbore_chev_no_16_849,74.81090033205008
wellbore_chev_no_16_850,74.81090033205008
wellbore_chev_no_16_851,74.81090033205008
wellbore_chev_no_16_852,74.81090033205008
wellbore_chev_no_16_853,74.81090033205008
wellbore_chev_no_16_854,74.81090033205008
wellbore_chev_no_16_855,74.81090033205008
wellbore_chev_no_16_856,74.81090033205008
wellbore_chev_no_16_857,74.81090033205008
wellbore_chev_no_16_858,74.81090033205008
wellbore_chev_no_19_158,74.81090033205008
wellbore_chev_no_19_159,74.81090033205008
wellbore_chev_no_19_160,74.81090033205008
wellbore_chev_no_19_161,74.81090033205008
wellbore_chev_no_19_162,74.81090033205008
wellbore_chev_no_19_163,74.81090033205008
wellbore_chev_no_19_164,74.81090033205008
wellbore_chev_no_19_166,74.81090033205008
wellbore_chev_no_19_167,74.81090033205008
wellbore_chev_no_19_168,74.81090033205008
wellbore_chev_no_19_169,74.81090033205008
wellbore_chev_no_19_170,74.81090033205008
wellbore_chev_no_19_171,74.81090033205008
wellbore_chev_no_19_172,74.81090033205008
wellbore_chev_no_19_173,74.81090033205008
wellbore_chev_no_19_174,74.81090033205008
wellbore_chev_no_19_175,74.81090033205008
wellbore_chev_no_19_176,74.81090033205008
wellbore_chev_no_19_177,74.81090033205008
wellbore_chev_no_19_178,74.81090033205008
wellbore_chev_no_19_179,74.81090033205008
wellbore_chev_no_19_180,74.81090033205008
wellbore_chev_no_19_181,74.81090033205008
wellbore_chev_no_19_182,74.81090033205008
wellbore_chev_no_19_183,74.81090033205008
wellbore_chev_no_19_184,74.81090033205008
wellbore_chev_no_19_185,74.81090033205008
wellbore_chev_no_19_186,74.81090033205008
wellbore_chev_no_19_187,74.81090033205008
wellbore_chev_no_19_188,74.81090033205008
wellbore_chev_no_19_189,74.81090033205008
wellbore_chev_no_19_190,74.81090033205008
wellbore_chev_no_19_191,74.81090033205008
wellbore_chev_no_19_192,74.81090033205008
wellbore_chev_no_19_193,74.81090033205008
wellbore_chev_no_19_194,74.81090033205008
wellbore_chev_no_19_195,74.81090033205008
wellbore_chev_no_19_196,74.81090033205008
wellbore_chev_no_19_197,74.81090033205008
wellbore_chev_no_19_198,74.81090033205008
wellbore_chev_no_19_199,74.81090033205008
wellbore_chev_no_19_200,74.81090033205008
wellbore_chev_no_19_201,74.81090033205008
wellbore_chev_no_19_202,74.81090033205008
wellbore_chev_no_19_203,74.81090033205008
wellbore_chev_no_19_204,74.81090033205008
wellbore_chev_no_19_205,74.81090033205008
wellbore_chev_no_19_206,74.81090033205008
wellbore_chev_no_19_207,74.81090033205008
wellbore_chev_no_19_208,74.81090033205008
wellbore_chev_no_19_209,74.81090033205008
wellbore_chev_no_19_210,74.81090033205008
wellbore_chev_no_19_211,74.81090033205008
wellbore_chev_no_19_212,74.81090033205008
wellbore_chev_no_19_213,74.81090033205008
wellbore_chev_no_19_214,74.81090033205008
wellbore_chev_no_19_215,74.81090033205008
wellbore_chev_no_19_216,74.81090033205008
wellbore_chev_no_19_217,74.81090033205008
wellbore_chev_no_19_218,74.81090033205008
wellbore_chev_no_19_219,74.81090033205008
wellbore_chev_no_19_220,74.81090033205008
wellbore_chev_no_19_221,74.81090033205008
wellbore_chev_no_19_222,74.81090033205008
wellbore_chev_no_19_223,74.81090033205008
wellbore_chev_no_19_224,74.81090033205008
wellbore_chev_no_19_225,74.81090033205008
wellbore_chev_no_19_226,74.81090033205008
wellbore_chev_no_19_227,74.81090033205008
wellbore_chev_no_19_228,74.81090033205008
wellbore_chev_no_19_229,74.81090033205008
wellbore_chev_no_19_230,74.81090033205008
wellbore_chev_no_19_231,74.81090033205008
wellbore_chev_no_19_232,74.81090033205008
wellbore_chev_no_19_233,74.81090033205008
wellbore_chev_no_19_234,74.81090033205008
wellbore_chev_no_19_235,74.81090033205008
wellbore_chev_no_19_236,74.81090033205008
wellbore_chev_no_19_237,74.81090033205008
wellbore_chev_no_19_238,74.81090033205008
wellbore_chev_no_19_239,74.81090033205008
wellbore_chev_no_19_240,74.81090033205008
wellbore_chev_no_19_241,74.81090033205008
wellbore_chev_no_19_242,74.81090033205008
wellbore_chev_no_19_243,74.81090033205008
wellbore_chev_no_19_244,74.81090033205008
wellbore_chev_no_19_245,74.81090033205008
wellbore_chev_no_19_246,74.81090033205008
wellbore_chev_no_19_247,74.81090033205008
wellbore_chev_no_19_248,74.81090033205008
wellbore_chev_no_19_249,74.81090033205008
wellbore_chev_no_19_250,74.81090033205008
wellbore_chev_no_19_251,74.81090033205008
wellbore_chev_no_19_252,74.81090033205008
wellbore_chev_no_19_253,74.81090033205008
wellbore_chev_no_19_254,74.81090033205008
wellbore_chev_no_19_255,74.81090033205008
wellbore_chev_no_19_256,74.81090033205008
wellbore_chev_no_19_257,74.81090033205008
wellbore_chev_no_19_258,74.81090033205008
wellbore_chev_no_19_259,74.81090033205008
wellbore_chev_no_19_260,74.81090033205008
wellbore_chev_no_19_261,74.81090033205008
wellbore_chev_no_19_262,74.81090033205008
wellbore_chev_no_19_263,74.81090033205008
wellbore_chev_no_19_264,74.81090033205008
wellbore_chev_no_19_265,74.81090033205008
wellbore_chev_no_19_266,74.81090033205008
wellbore_chev_no_19_267,74.81090033205008
wellbore_chev_no_19_268,74.81090033205008
wellbore_chev_no_19_269,74.81090033205008
wellbore_chev_no_19_270,74.81090033205008
wellbore_chev_no_19_271,74.81090033205008
wellbore_chev_no_19_272,74.81090033205008
wellbore_chev_no_19_273,74.81090033205008
wellbore_chev_no_19_274,74.81090033205008
wellbore_chev_no_19_275,74.81090033205008
wellbore_chev_no_19_276,74.81090033205008
wellbore_chev_no_19_277,74.81090033205008
wellbore_chev_no_19_278,74.81090033205008
wellbore_chev_no_19_279,74.81090033205008
wellbore_chev_no_19_280,74.81090033205008
wellbore_chev_no_19_281,74.81090033205008
wellbore_chev_no_19_282,74.81090033205008
wellbore_chev_no_19_283,74.81090033205008
wellbore_chev_no_19_284,74.81090033205008
wellbore_chev_no_19_285,74.81090033205008
wellbore_chev_no_19_286,74.81090033205008
wellbore_chev_no_19_287,74.81090033205008
wellbore_chev_no_19_288,74.81090033205008
wellbore_chev_no_19_289,74.81090033205008
wellbore_chev_no_19_290,74.81090033205008
wellbore_chev_no_19_291,74.81090033205008
wellbore_chev_no_19_292,74.81090033205008
wellbore_chev_no_19_293,74.81090033205008
wellbore_chev_no_19_294,74.81090033205008
wellbore_chev_no_19_295,74.81090033205008
wellbore_chev_no_19_296,74.81090033205008
wellbore_chev_no_19_297,74.81090033205008
wellbore_chev_no_19_298,74.81090033205008
wellbore_chev_no_19_299,74.81090033205008
wellbore_chev_no_19_300,74.81090033205008
wellbore_chev_no_19_301,74.81090033205008
wellbore_chev_no_19_302,74.81090033205008
wellbore_chev_no_19_303,74.81090033205008
wellbore_chev_no_19_304,74.81090033205008
wellbore_chev_no_19_305,74.81090033205008
wellbore_chev_no_19_306,74.81090033205008
wellbore_chev_no_19_307,74.81090033205008
wellbore_chev_no_19_308,74.81090033205008
wellbore_chev_no_19_309,74.81090033205008
wellbore_chev_no_19_310,74.81090033205008
wellbore_chev_no_19_311,74.81090033205008
wellbore_chev_no_19_312,74.81090033205008
wellbore_chev_no_19_313,74.81090033205008
wellbore_chev_no_19_314,74.81090033205008
wellbore_chev_no_19_315,74.81090033205008
wellbore_chev_no_19_316,74.81090033205008
wellbore_chev_no_19_317,74.81090033205008
wellbore_chev_no_19_318,74.81090033205008
wellbore_chev_no_19_319,74.81090033205008
wellbore_chev_no_19_320,74.81090033205008
wellbore_chev_no_19_321,74.81090033205008
wellbore_chev_no_19_322,74.81090033205008
wellbore_chev_no_19_323,74.81090033205008
wellbore_chev_no_19_324,74.81090033205008
wellbore_chev_no_19_325,74.81090033205008
wellbore_chev_no_19_326,74.81090033205008
wellbore_chev_no_19_327,74.81090033205008
wellbore_chev_no_19_328,74.81090033205008
wellbore_chev_no_19_329,74.81090033205008
wellbore_chev_no_19_330,74.81090033205008
wellbore_chev_no_19_331,74.81090033205008
wellbore_chev_no_19_332,74.81090033205008
wellbore_chev_no_19_333,74.81090033205008
wellbore_chev_no_19_334,74.81090033205008
wellbore_chev_no_19_335,74.81090033205008
wellbore_chev_no_19_336,74.81090033205008
wellbore_chev_no_19_337,74.81090033205008
wellbore_chev_no_19_338,74.81090033205008
wellbore_chev_no_19_339,74.81090033205008
wellbore_chev_no_19_340,74.81090033205008
wellbore_chev_no_19_341,74.81090033205008
wellbore_chev_no_19_342,74.81090033205008
wellbore_chev_no_19_343,74.81090033205008
wellbore_chev_no_19_344,74.81090033205008
wellbore_chev_no_19_345,74.81090033205008
wellbore_chev_no_19_346,74.81090033205008
wellbore_chev_no_19_347,74.81090033205008
wellbore_chev_no_19_348,74.81090033205008
wellbore_chev_no_19_349,74.81090033205008
wellbore_chev_no_19_350,74.81090033205008
wellbore_chev_no_19_351,74.81090033205008
wellbore_chev_no_19_352,74.81090033205008
wellbore_chev_no_19_353,74.81090033205008
wellbore_chev_no_19_354,74.81090033205008
wellbore_chev_no_19_355,74.81090033205008
wellbore_chev_no_19_356,74.81090033205008
wellbore_chev_no_19_357,74.81090033205008
wellbore_chev_no_19_358,74.81090033205008
wellbore_chev_no_19_359,74.81090033205008
wellbore_chev_no_19_360,74.81090033205008
wellbore_chev_no_19_361,74.81090033205008
wellbore_chev_no_19_362,74.81090033205008
wellbore_chev_no_19_363,74.81090033205008
wellbore_chev_no_19_364,74.81090033205008
wellbore_chev_no_19_365,74.81090033205008
wellbore_chev_no_19_366,74.81090033205008
wellbore_chev_no_19_367,74.81090033205008
wellbore_chev_no_19_368,74.81090033205008
wellbore_chev_no_19_369,74.81090033205008
wellbore_chev_no_19_370,74.81090033205008
wellbore_chev_no_19_371,74.81090033205008
wellbore_chev_no_19_372,74.81090033205008
wellbore_chev_no_19_373,74.81090033205008
wellbore_chev_no_19_374,74.81090033205008
wellbore_chev_no_19_375,74.81090033205008
wellbore_chev_no_19_376,74.81090033205008
wellbore_chev_no_19_377,74.81090033205008
wellbore_chev_no_19_378,74.81090033205008
wellbore_chev_no_19_379,74.81090033205008
wellbore_chev_no_19_380,74.81090033205008
wellbore_chev_no_19_381,74.81090033205008
wellbore_chev_no_19_382,74.81090033205008
wellbore_chev_no_19_383,74.81090033205008
wellbore_chev_no_19_384,74.81090033205008
wellbore_chev_no_19_385,74.81090033205008
wellbore_chev_no_19_386,74.81090033205008
wellbore_chev_no_19_387,74.81090033205008
wellbore_chev_no_19_388,74.75132423755008
wellbore_chev_no_19_389,74.75132423755008
wellbore_chev_no_19_390,74.75132423755008
wellbore_chev_no_19_391,74.75132423755008
wellbore_chev_no_19_392,74.75132423755008
wellbore_chev_no_19_393,74.75132423755008
wellbore_chev_no_19_394,74.75132423755008
wellbore_chev_no_19_395,74.75132423755008
wellbore_chev_no_19_396,74.75132423755008
wellbore_chev_no_19_397,74.75132423755008
wellbore_chev_no_19_398,74.75132423755008
wellbore_chev_no_19_399,74.75132423755008
wellbore_chev_no_19_400,74.75132423755008
wellbore_chev_no_19_401,74.75132423755008
wellbore_chev_no_19_402,74.75132423755008
wellbore_chev_no_19_403,74.75132423755008
wellbore_chev_no_19_404,74.75132423755008
wellbore_chev_no_19_405,74.75132423755008
wellbore_chev_no_19_406,74.75132423755008
wellbore_chev_no_19_407,74.75132423755008
wellbore_chev_no_19_408,74.75132423755008
wellbore_chev_no_19_409,74.75132423755008
wellbore_chev_no_19_410,74.75132423755008
wellbore_chev_no_19_411,74.75132423755008
wellbore_chev_no_19_412,74.75132423755008
wellbore_chev_no_19_413,74.75132423755008
wellbore_chev_no_19_414,74.75132423755008
wellbore_chev_no_19_415,74.75132423755008
wellbore_chev_no_19_416,74.75132423755008
wellbore_chev_no_19_417,74.75132423755008
wellbore_chev_no_19_418,74.75132423755008
wellbore_chev_no_19_419,74.75132423755008
wellbore_chev_no_19_420,74.75132423755008
wellbore_chev_no_19_421,74.75132423755008
wellbore_chev_no_19_422,74.75132423755008
wellbore_chev_no_19_423,74.75132423755008
wellbore_chev_no_19_424,74.75132423755008
wellbore_chev_no_19_425,74.75132423755008
wellbore_chev_no_19_426,74.75132423755008
wellbore_chev_no_19_427,74.75132423755008
wellbore_chev_no_19_428,74.75132423755008
wellbore_chev_no_19_429,74.75132423755008
wellbore_chev_no_19_430,74.75132423755008
wellbore_chev_no_19_431,74.75132423755008
wellbore_chev_no_19_432,74.75132423755008
wellbore_chev_no_19_433,74.75132423755008
wellbore_chev_no_19_434,74.75132423755008
wellbore_chev_no_19_435,74.75132423755008
wellbore_chev_no_19_436,74.75132423755008
wellbore_chev_no_19_437,74.75132423755008
wellbore_chev_no_19_438,74.75132423755008
wellbore_chev_no_19_439,74.75132423755008
wellbore_chev_no_19_440,74.75132423755008
wellbore_chev_no_19_441,74.75132423755008
wellbore_chev_no_19_442,74.75132423755008
wellbore_chev_no_19_443,74.75132423755008
wellbore_chev_no_19_444,74.75132423755008
wellbore_chev_no_19_445,74.75132423755008
wellbore_chev_no_19_446,74.75132423755008
wellbore_chev_no_19_447,74.75132423755008
wellbore_chev_no_19_448,74.75132423755008
wellbore_chev_no_19_449,74.75132423755008
wellbore_chev_no_19_450,74.75132423755008
wellbore_chev_no_19_451,74.75132423755008
wellbore_chev_no_19_452,74.75132423755008
wellbore_chev_no_19_453,74.81090033205008
wellbore_chev_no_19_454,74.81090033205008
wellbore_chev_no_19_455,74.81090033205008
wellbore_chev_no_19_456,74.81090033205008
wellbore_chev_no_19_457,74.81090033205008
wellbore_chev_no_19_458,74.81090033205008
wellbore_chev_no_19_459,74.81090033205008
wellbore_chev_no_19_460,74.81090033205008
wellbore_chev_no_19_461,74.81090033205008
wellbore_chev_no_19_462,74.81090033205008
wellbore_chev_no_19_463,74.81090033205008
wellbore_chev_no_19_464,74.81090033205008
wellbore_chev_no_19_465,74.81090033205008
wellbore_chev_no_19_466,74.81090033205008
wellbore_chev_no_19_467,74.81090033205008
wellbore_chev_no_19_468,74.81090033205008
wellbore_chev_no_19_469,74.81090033205008
wellbore_chev_no_19_470,74.81090033205008
wellbore_chev_no_19_471,74.81090033205008
wellbore_chev_no_19_472,74.81090033205008
wellbore_chev_no_19_473,74.81090033205008
wellbore_chev_no_19_474,74.81090033205008
wellbore_chev_no_19_475,74.81090033205008
wellbore_chev_no_19_476,74.81090033205008
wellbore_chev_no_19_477,74.81090033205008
wellbore_chev_no_19_478,74.81090033205008
wellbore_chev_no_19_479,74.81090033205008
wellbore_chev_no_19_480,74.81090033205008
wellbore_chev_no_19_481,74.81090033205008
wellbore_chev_no_19_482,74.81090033205008
wellbore_chev_no_19_483,74.81090033205008
wellbore_chev_no_19_484,74.81090033205008
wellbore_chev_no_19_485,74.81090033205008
wellbore_chev_no_19_486,74.81090033205008
wellbore_chev_no_19_487,74.81090033205008
wellbore_chev_no_19_488,74.81090033205008
wellbore_chev_no_19_489,74.81090033205008
wellbore_chev_no_19_490,74.81090033205008
wellbore_chev_no_19_491,74.81090033205008
wellbore_chev_no_19_492,74.81090033205008
wellbore_chev_no_19_493,74.81090033205008
wellbore_chev_no_19_494,74.81090033205008
wellbore_chev_no_19_495,74.81090033205008
wellbore_chev_no_19_496,74.81090033205008
wellbore_chev_no_19_497,74.81090033205008
wellbore_chev_no_19_498,74.81090033205008
wellbore_chev_no_19_499,74.81090033205008
wellbore_chev_no_19_500,74.81090033205008
wellbore_chev_no_19_501,74.81090033205008
wellbore_chev_no_19_502,74.81090033205008
wellbore_chev_no_19_503,74.81090033205008
wellbore_chev_no_19_504,74.81090033205008
wellbore_chev_no_19_505,74.81090033205008
wellbore_chev_no_19_506,74.81090033205008
wellbore_chev_no_19_507,74.81090033205008
wellbore_chev_no_19_508,74.81090033205008
wellbore_chev_no_19_509,74.81090033205008
wellbore_chev_no_19_510,74.81090033205008
wellbore_chev_no_19_511,74.81090033205008
wellbore_chev_no_19_512,74.81090033205008
wellbore_chev_no_19_513,74.81090033205008
wellbore_chev_no_19_514,74.81090033205008
wellbore_chev_no_19_515,74.81090033205008
wellbore_chev_no_19_516,74.81090033205008
wellbore_chev_no_19_517,74.81090033205008
wellbore_chev_no_19_518,74.81090033205008
wellbore_chev_no_19_519,74.81090033205008
wellbore_chev_no_19_520,74.81090033205008
wellbore_chev_no_19_521,74.81090033205008
wellbore_chev_no_19_522,74.81090033205008
wellbore_chev_no_19_523,74.81090033205008
wellbore_chev_no_19_524,74.81090033205008
wellbore_chev_no_19_525,74.81090033205008
wellbore_chev_no_19_526,74.81090033205008
wellbore_chev_no_19_527,74.81090033205008
wellbore_chev_no_19_528,74.81090033205008
wellbore_chev_no_19_529,74.81090033205008
wellbore_chev_no_19_530,74.81090033205008
wellbore_chev_no_19_531,74.81090033205008
wellbore_chev_no_19_532,74.81090033205008
wellbore_chev_no_19_533,74.81090033205008
wellbore_chev_no_19_534,74.81090033205008
wellbore_chev_no_19_535,74.81090033205008
wellbore_chev_no_19_536,74.81090033205008
wellbore_chev_no_19_537,74.81090033205008
wellbore_chev_no_19_538,74.81090033205008
wellbore_chev_no_19_539,74.81090033205008
wellbore_chev_no_19_540,74.81090033205008
wellbore_chev_no_19_541,74.81090033205008
wellbore_chev_no_19_542,74.81090033205008
wellbore_chev_no_19_543,74.81090033205008
wellbore_chev_no_19_544,74.81090033205008
wellbore_chev_no_19_545,74.81090033205008
wellbore_chev_no_19_546,74.81090033205008
wellbore_chev_no_19_547,74.81090033205008
wellbore_chev_no_19_548,74.81090033205008
wellbore_chev_no_19_549,74.81090033205008
wellbore_chev_no_19_550,74.81090033205008
wellbore_chev_no_19_551,74.81090033205008
wellbore_chev_no_19_552,74.81090033205008
wellbore_chev_no_19_553,74.81090033205008
wellbore_chev_no_19_554,74.81090033205008
wellbore_chev_no_19_555,74.81090033205008
wellbore_chev_no_19_556,74.81090033205008
wellbore_chev_no_19_557,74.81090033205008
wellbore_chev_no_19_558,74.81090033205008
wellbore_chev_no_19_559,74.81090033205008
wellbore_chev_no_19_560,74.81090033205008
wellbore_chev_no_19_561,74.81090033205008
wellbore_chev_no_19_562,74.81090033205008
wellbore_chev_no_19_563,74.81090033205008
wellbore_chev_no_19_564,74.81090033205008
wellbore_chev_no_19_565,74.81090033205008
wellbore_chev_no_19_566,74.81090033205008
wellbore_chev_no_19_567,74.81090033205008
wellbore_chev_no_19_568,74.81090033205008
wellbore_chev_no_19_569,74.81090033205008
wellbore_chev_no_19_570,74.81090033205008
wellbore_chev_no_19_571,74.81090033205008
wellbore_chev_no_19_572,74.81090033205008
wellbore_chev_no_19_573,74.81090033205008
wellbore_chev_no_19_574,74.81090033205008
wellbore_chev_no_19_575,74.81090033205008
wellbore_chev_no_19_576,74.81090033205008
wellbore_chev_no_19_577,74.81090033205008
wellbore_chev_no_19_578,74.81090033205008
wellbore_chev_no_19_579,74.81090033205008
wellbore_chev_no_19_580,74.81090033205008
wellbore_chev_no_19_581,74.81090033205008
wellbore_chev_no_19_582,74.81090033205008
wellbore_chev_no_19_583,74.81090033205008
wellbore_chev_no_19_584,74.81090033205008
wellbore_chev_no_19_585,74.81090033205008
wellbore_chev_no_19_586,74.81090033205008
wellbore_chev_no_19_587,74.81090033205008
wellbore_chev_no_19_588,74.81090033205008
wellbore_chev_no_19_589,74.81090033205008
wellbore_chev_no_19_590,74.81090033205008
wellbore_chev_no_19_591,74.81090033205008
wellbore_chev_no_19_592,74.81090033205008
wellbore_chev_no_19_593,74.81090033205008
wellbore_chev_no_19_594,74.81090033205008
wellbore_chev_no_19_595,74.81090033205008
wellbore_chev_no_19_596,74.81090033205008
wellbore_chev_no_19_597,74.81090033205008
wellbore_chev_no_19_598,74.81090033205008
wellbore_chev_no_19_599,74.81090033205008
wellbore_chev_no_19_600,74.81090033205008
wellbore_chev_no_19_601,74.81090033205008
wellbore_chev_no_19_602,74.81090033205008
wellbore_chev_no_19_603,74.81090033205008
wellbore_chev_no_19_604,74.81090033205008
wellbore_chev_no_19_605,74.81090033205008
wellbore_chev_no_19_606,74.81090033205008
wellbore_chev_no_19_607,74.81090033205008
wellbore_chev_no_19_608,74.81090033205008
wellbore_chev_no_19_609,74.81090033205008
wellbore_chev_no_19_610,74.81090033205008
wellbore_chev_no_19_611,74.81090033205008
wellbore_chev_no_19_612,74.81090033205008
wellbore_chev_no_19_613,74.81090033205008
wellbore_chev_no_19_614,74.81090033205008
wellbore_chev_no_19_615,74.81090033205008
wellbore_chev_no_19_616,74.81090033205008
wellbore_chev_no_19_617,74.81090033205008
wellbore_chev_no_19_618,74.81090033205008
wellbore_chev_no_19_619,74.81090033205008
wellbore_chev_no_19_620,74.81090033205008
wellbore_chev_no_19_621,74.81090033205008
wellbore_chev_no_19_622,74.81090033205008
wellbore_chev_no_19_623,74.81090033205008
wellbore_chev_no_19_624,74.81090033205008
wellbore_chev_no_19_625,74.81090033205008
wellbore_chev_no_19_626,74.81090033205008
wellbore_chev_no_19_627,74.81090033205008
wellbore_chev_no_19_628,74.81090033205008
wellbore_chev_no_19_629,74.81090033205008
wellbore_chev_no_19_630,74.81090033205008
wellbore_chev_no_19_631,74.81090033205008
wellbore_chev_no_19_632,74.81090033205008
wellbore_chev_no_19_633,74.81090033205008
wellbore_chev_no_19_634,74.81090033205008
wellbore_chev_no_19_635,74.81090033205008
wellbore_chev_no_19_636,74.81090033205008
wellbore_chev_no_19_637,74.81090033205008
wellbore_chev_no_19_638,74.81090033205008
wellbore_chev_no_19_639,74.81090033205008
wellbore_chev_no_19_640,74.81090033205008
wellbore_chev_no_19_641,74.81090033205008
wellbore_chev_no_19_642,74.81090033205008
wellbore_chev_no_19_643,74.81090033205008
wellbore_chev_no_19_644,74.81090033205008
wellbore_chev_no_19_645,74.81090033205008
wellbore_chev_no_19_646,74.81090033205008
wellbore_chev_no_19_647,74.81090033205008
wellbore_chev_no_19_648,74.81090033205008
wellbore_chev_no_19_649,74.81090033205008
wellbore_chev_no_19_650,74.81090033205008
wellbore_chev_no_19_651,74.81090033205008
wellbore_chev_no_19_652,74.81090033205008
wellbore_chev_no_19_653,74.81090033205008
wellbore_chev_no_19_654,74.81090033205008
wellbore_chev_no_19_655,74.81090033205008
wellbore_chev_no_19_656,74.81090033205008
wellbore_chev_no_19_657,74.81090033205008
wellbore_chev_no_19_658,74.81090033205008
wellbore_chev_no_19_659,74.81090033205008
wellbore_chev_no_19_660,74.81090033205008
wellbore_chev_no_19_661,74.5811523022001
wellbore_chev_no_19_662,74.5811523022001
wellbore_chev_no_19_663,74.5811523022001
wellbore_chev_no_19_664,74.5811523022001
wellbore_chev_no_19_665,74.5811523022001
wellbore_chev_no_19_666,74.5811523022001
wellbore_chev_no_19_667,74.5811523022001
wellbore_chev_no_19_668,74.5811523022001
wellbore_chev_no_19_669,74.5811523022001
wellbore_chev_no_19_670,74.5811523022001
wellbore_chev_no_19_671,74.5811523022001
wellbore_chev_no_19_672,74.5811523022001
wellbore_chev_no_19_673,74.5811523022001
wellbore_chev_no_19_674,74.5811523022001
wellbore_chev_no_19_675,74.5811523022001
wellbore_chev_no_19_676,74.5811523022001
wellbore_chev_no_19_677,74.5811523022001
wellbore_chev_no_19_678,74.5811523022001
wellbore_chev_no_19_679,74.5811523022001
wellbore_chev_no_19_680,74.5811523022001
wellbore_chev_no_19_681,74.5811523022001
wellbore_chev_no_19_682,74.5811523022001
wellbore_chev_no_19_683,74.5811523022001
wellbore_chev_no_19_684,74.5811523022001
wellbore_chev_no_19_685,74.5811523022001
wellbore_chev_no_19_686,74.5811523022001
wellbore_chev_no_19_687,74.5811523022001
wellbore_chev_no_19_688,74.73369696565008
wellbore_chev_no_19_689,74.73369696565008
wellbore_chev_no_19_690,74.73369696565008
wellbore_chev_no_19_691,74.73369696565008
wellbore_chev_no_19_692,74.73369696565008
wellbore_chev_no_19_693,74.73369696565008
wellbore_chev_no_19_694,74.73369696565008
wellbore_chev_no_19_695,74.73369696565008
wellbore_chev_no_19_696,74.73369696565008
wellbore_chev_no_19_697,74.73369696565008
wellbore_chev_no_19_698,74.89063905607507
wellbore_chev_no_19_699,74.89063905607507
wellbore_chev_no_19_700,74.89063905607507
wellbore_chev_no_19_701,74.89063905607507
wellbore_chev_no_19_702,74.89063905607507
wellbore_chev_no_19_703,74.89063905607507
wellbore_chev_no_19_704,74.89063905607507
wellbore_chev_no_19_705,74.89063905607507
wellbore_chev_no_19_706,74.89063905607507
wellbore_chev_no_19_707,74.89063905607507
wellbore_chev_no_19_708,74.89063905607507
wellbore_chev_no_19_709,74.89063905607507
wellbore_chev_no_19_710,74.89063905607507
wellbore_chev_no_19_711,74.89063905607507
wellbore_chev_no_19_712,74.89063905607507
wellbore_chev_no_19_713,74.89063905607507
wellbore_chev_no_19_714,75.12574165225008
wellbore_chev_no_19_715,75.12574165225008
wellbore_chev_no_19_716,75.12574165225008
wellbore_chev_no_19_717,75.12574165225008
wellbore_chev_no_19_718,75.12574165225008
wellbore_chev_no_19_719,75.12574165225008
wellbore_chev_no_19_720,75.12574165225008
wellbore_chev_no_19_721,75.12574165225008
wellbore_chev_no_19_722,75.12574165225008
wellbore_chev_no_19_723,74.81090033205008
wellbore_chev_no_19_724,74.81090033205008
wellbore_chev_no_19_725,74.81090033205008
wellbore_chev_no_19_726,74.81090033205008
wellbore_chev_no_19_727,74.81090033205008
wellbore_chev_no_19_728,74.81090033205008
wellbore_chev_no_19_729,74.81090033205008
wellbore_chev_no_19_730,74.81090033205008
wellbore_chev_no_19_731,74.81090033205008
wellbore_chev_no_19_732,74.81090033205008
wellbore_chev_no_19_733,74.81090033205008
wellbore_chev_no_19_734,74.81090033205008
wellbore_chev_no_19_735,74.81090033205008
wellbore_chev_no_19_736,74.81090033205008
wellbore_chev_no_19_737,74.81090033205008
wellbore_chev_no_19_738,75.39691157710007
wellbore_chev_no_19_739,75.20379902077508
wellbore_chev_no_19_740,71.45087809562509
wellbore_chev_no_19_741,71.45087809562509
wellbore_chev_no_19_742,74.84803633397507
wellbore_chev_no_19_743,74.8474460627251
wellbore_chev_no_19_744,74.8474460627251
wellbore_chev_no_19_745,74.8474460627251
wellbore_chev_no_19_746,74.8474460627251
wellbore_chev_no_19_747,74.8474460627251
wellbore_chev_no_19_748,74.8474460627251
wellbore_chev_no_19_749,74.8474460627251
wellbore_chev_no_19_750,74.8474460627251
wellbore_chev_no_19_751,74.8474460627251
wellbore_chev_no_19_752,74.8474460627251
wellbore_chev_no_19_753,74.8474460627251
wellbore_chev_no_19_754,74.8474460627251
wellbore_chev_no_19_755,74.8474460627251
wellbore_chev_no_19_756,74.8474460627251
wellbore_chev_no_19_757,74.8474460627251
wellbore_chev_no_19_758,74.8474460627251
wellbore_chev_no_19_759,74.8474460627251
wellbore_chev_no_19_760,74.8474460627251
wellbore_chev_no_19_761,74.8474460627251
wellbore_chev_no_19_762,74.8474460627251
wellbore_chev_no_19_763,74.8474460627251
wellbore_chev_no_19_764,74.8474460627251
wellbore_chev_no_19_765,74.8474460627251
wellbore_chev_no_19_766,74.78708803120008
wellbore_chev_no_19_767,74.78708803120008
wellbore_chev_no_19_768,74.78708803120008
wellbore_chev_no_19_769,74.78708803120008
wellbore_chev_no_19_770,74.78708803120008
wellbore_chev_no_19_771,66.54033303260002
wellbore_chev_no_19_772,66.54033303260002
wellbore_chev_no_19_773,66.54033303260002
wellbore_chev_no_19_774,70.67801936512507
wellbore_chev_no_19_775,70.67801936512507
wellbore_chev_no_19_776,68.34948629352499
wellbore_chev_no_19_777,68.95612779837502
wellbore_chev_no_19_778,75.56138185950007
wellbore_chev_no_19_779,75.56138185950007
wellbore_chev_no_19_780,75.56138185950007
wellbore_chev_no_19_781,75.56138185950007
wellbore_chev_no_19_782,75.56138185950007
wellbore_chev_no_19_783,75.56138185950007
wellbore_chev_no_19_784,75.56138185950007
wellbore_chev_no_19_785,75.56138185950007
wellbore_chev_no_19_786,75.56138185950007
wellbore_chev_no_19_787,75.56138185950007
wellbore_chev_no_19_788,73.75703594612506
wellbore_chev_no_19_789,73.75703594612506
wellbore_chev_no_19_790,72.1681936253
wellbore_chev_no_19_791,72.1681936253
wellbore_chev_no_19_792,72.1681936253
wellbore_chev_no_19_793,74.45734091267505
wellbore_chev_no_19_794,74.45734091267505
wellbore_chev_no_19_795,74.29650314470008
wellbore_chev_no_19_796,74.29650314470008
wellbore_chev_no_19_797,74.29650314470008
wellbore_chev_no_19_798,74.29650314470008
wellbore_chev_no_19_799,66.21705426784258
wellbore_chev_no_19_800,66.21705426784258
wellbore_chev_no_19_801,66.21705426784258
wellbore_chev_no_19_802,66.21705426784258
wellbore_chev_no_19_803,66.21705426784258
wellbore_chev_no_19_804,66.21705426784258
wellbore_chev_no_19_805,66.72152396039995
wellbore_chev_no_19_806,66.72152396039995
wellbore_chev_no_19_807,66.72152396039995
wellbore_chev_no_19_808,66.72152396039995
wellbore_chev_no_19_809,66.72152396039995
wellbore_chev_no_19_810,66.72152396039995
wellbore_chev_no_19_811,66.72152396039995
wellbore_chev_no_19_812,66.72152396039995
wellbore_chev_no_19_813,66.72152396039995
wellbore_chev_no_19_814,75.8457312762499
wellbore_chev_no_19_815,75.8457312762499
wellbore_chev_no_19_816,75.8457312762499
wellbore_chev_no_19_817,75.8457312762499
wellbore_chev_no_7_277,74.81211982882509
wellbore_chev_no_7_278,74.81211982882509
wellbore_chev_no_7_279,74.81211982882509
wellbore_chev_no_7_280,74.81211982882509
wellbore_chev_no_7_281,74.81211982882509
wellbore_chev_no_7_282,74.81211982882509
wellbore_chev_no_7_283,74.81211982882509
wellbore_chev_no_7_284,74.81211982882509
wellbore_chev_no_7_285,74.81211982882509
wellbore_chev_no_7_286,74.81211982882509
wellbore_chev_no_7_287,74.81211982882509
wellbore_chev_no_7_288,74.81211982882509
wellbore_chev_no_7_289,74.81211982882509
wellbore_chev_no_7_290,74.81211982882509
wellbore_chev_no_7_291,74.81211982882509
wellbore_chev_no_7_292,74.81211982882509
wellbore_chev_no_7_293,74.81211982882509
wellbore_chev_no_7_294,74.81211982882509
wellbore_chev_no_7_295,74.81211982882509
wellbore_chev_no_7_296,74.81211982882509
wellbore_chev_no_7_297,74.81211982882509
wellbore_chev_no_7_298,74.81211982882509
wellbore_chev_no_7_299,74.81211982882509
wellbore_chev_no_7_300,74.81211982882509
wellbore_chev_no_7_301,74.81211982882509
wellbore_chev_no_7_302,74.81211982882509
wellbore_chev_no_7_303,74.81211982882509
wellbore_chev_no_7_304,74.81211982882509
wellbore_chev_no_7_305,74.81211982882509
wellbore_chev_no_7_306,74.81211982882509
wellbore_chev_no_7_307,74.81211982882509
wellbore_chev_no_7_308,74.81211982882509
wellbore_chev_no_7_309,74.81211982882509
wellbore_chev_no_7_310,74.81211982882509
wellbore_chev_no_7_311,74.81211982882509
wellbore_chev_no_7_312,74.81211982882509
wellbore_chev_no_7_313,74.81211982882509
wellbore_chev_no_7_314,74.81211982882509
wellbore_chev_no_7_315,74.81211982882509
wellbore_chev_no_7_316,74.81211982882509
wellbore_chev_no_7_317,74.81211982882509
wellbore_chev_no_7_318,74.81211982882509
wellbore_chev_no_7_319,74.81211982882509
wellbore_chev_no_7_320,74.81211982882509
wellbore_chev_no_7_321,74.81211982882509
wellbore_chev_no_7_322,74.81211982882509
wellbore_chev_no_7_323,74.81211982882509
wellbore_chev_no_7_324,74.81211982882509
wellbore_chev_no_7_325,74.81211982882509
wellbore_chev_no_7_326,74.81211982882509
wellbore_chev_no_7_327,74.81211982882509
wellbore_chev_no_7_328,74.81211982882509
wellbore_chev_no_7_329,74.81211982882509
wellbore_chev_no_7_330,74.81211982882509
wellbore_chev_no_7_331,74.81211982882509
wellbore_chev_no_7_332,74.81211982882509
wellbore_chev_no_7_333,74.81211982882509
wellbore_chev_no_7_334,74.81211982882509
wellbore_chev_no_7_335,74.81211982882509
wellbore_chev_no_7_336,74.81211982882509
wellbore_chev_no_7_337,74.81211982882509
wellbore_chev_no_7_338,74.81211982882509
wellbore_chev_no_7_339,74.81211982882509
wellbore_chev_no_7_340,74.81211982882509
wellbore_chev_no_7_341,74.81211982882509
wellbore_chev_no_7_342,74.81211982882509
wellbore_chev_no_7_343,74.81211982882509
wellbore_chev_no_7_344,74.81211982882509
wellbore_chev_no_7_345,74.81211982882509
wellbore_chev_no_7_346,74.81211982882509
wellbore_chev_no_7_347,74.81211982882509
wellbore_chev_no_7_348,74.81211982882509
wellbore_chev_no_7_349,74.81211982882509
wellbore_chev_no_7_350,74.81211982882509
wellbore_chev_no_7_354,74.81090033205008
wellbore_chev_no_7_355,74.81090033205008
wellbore_chev_no_7_356,74.81090033205008
wellbore_chev_no_7_357,74.81090033205008
wellbore_chev_no_7_358,74.81090033205008
wellbore_chev_no_7_359,74.81090033205008
wellbore_chev_no_7_360,74.81090033205008
wellbore_chev_no_7_361,74.81090033205008
wellbore_chev_no_7_362,74.81090033205008
wellbore_chev_no_7_363,74.81090033205008
wellbore_chev_no_7_364,74.81090033205008
wellbore_chev_no_7_365,74.81090033205008
wellbore_chev_no_7_366,74.81090033205008
wellbore_chev_no_7_367,74.81090033205008
wellbore_chev_no_7_368,74.81090033205008
wellbore_chev_no_7_369,74.81090033205008
wellbore_chev_no_7_370,74.81090033205008
wellbore_chev_no_7_371,74.81090033205008
wellbore_chev_no_7_372,74.81090033205008
wellbore_chev_no_7_373,74.81090033205008
wellbore_chev_no_7_374,74.81090033205008
wellbore_chev_no_7_375,74.81090033205008
wellbore_chev_no_7_376,74.81090033205008
wellbore_chev_no_7_377,74.81090033205008
wellbore_chev_no_7_378,74.81090033205008
wellbore_chev_no_7_379,74.81090033205008
wellbore_chev_no_7_380,74.81090033205008
wellbore_chev_no_7_381,74.81090033205008
wellbore_chev_no_7_382,74.81090033205008
wellbore_chev_no_7_383,74.81090033205008
wellbore_chev_no_7_390,74.81090033205008
wellbore_chev_no_7_391,74.81090033205008
wellbore_chev_no_7_392,74.81090033205008
wellbore_chev_no_7_393,74.81090033205008
wellbore_chev_no_7_394,74.81090033205008
wellbore_chev_no_7_395,74.81090033205008
wellbore_chev_no_7_396,74.81090033205008
wellbore_chev_no_7_397,74.81090033205008
wellbore_chev_no_7_398,74.81090033205008
wellbore_chev_no_7_399,74.81090033205008
wellbore_chev_no_7_400,74.81090033205008
wellbore_chev_no_7_401,74.81090033205008
wellbore_chev_no_7_402,74.81090033205008
wellbore_chev_no_7_403,74.81090033205008
wellbore_chev_no_7_404,74.81090033205008
wellbore_chev_no_7_405,74.81090033205008
wellbore_chev_no_7_406,74.81090033205008
wellbore_chev_no_7_407,74.81090033205008
wellbore_chev_no_7_408,74.81090033205008
wellbore_chev_no_7_409,74.81090033205008
wellbore_chev_no_7_410,74.81090033205008
wellbore_chev_no_7_411,74.81090033205008
wellbore_chev_no_7_412,74.81090033205008
wellbore_chev_no_7_413,74.81090033205008
wellbore_chev_no_7_414,74.81090033205008
wellbore_chev_no_7_415,74.81090033205008
wellbore_chev_no_7_416,74.81090033205008
wellbore_chev_no_7_417,74.81090033205008
wellbore_chev_no_7_418,74.81090033205008
wellbore_chev_no_7_419,74.81090033205008
wellbore_chev_no_7_420,74.81090033205008
wellbore_chev_no_7_421,74.81090033205008
wellbore_chev_no_7_422,74.81090033205008
wellbore_chev_no_7_423,74.81090033205008
wellbore_chev_no_7_424,74.81090033205008
wellbore_chev_no_7_425,74.81090033205008
wellbore_chev_no_7_426,74.81090033205008
wellbore_chev_no_7_427,74.81090033205008
wellbore_chev_no_7_428,74.81090033205008
wellbore_chev_no_7_429,74.81090033205008
wellbore_chev_no_7_430,74.81090033205008
wellbore_chev_no_7_431,74.81090033205008
wellbore_chev_no_7_432,74.81090033205008
wellbore_chev_no_7_433,74.81090033205008
wellbore_chev_no_7_434,74.81090033205008
wellbore_chev_no_7_435,74.81090033205008
wellbore_chev_no_7_436,74.81090033205008
wellbore_chev_no_7_437,74.81090033205008
wellbore_chev_no_7_438,74.81090033205008
wellbore_chev_no_7_439,74.81090033205008
wellbore_chev_no_7_440,74.81090033205008
wellbore_chev_no_7_441,74.81090033205008
wellbore_chev_no_7_442,74.81090033205008
wellbore_chev_no_7_443,74.81090033205008
wellbore_chev_no_7_444,74.81090033205008
wellbore_chev_no_7_445,74.81090033205008
wellbore_chev_no_7_446,74.81090033205008
wellbore_chev_no_7_447,74.81090033205008
wellbore_chev_no_7_448,74.81090033205008
wellbore_chev_no_7_449,74.81090033205008
wellbore_chev_no_7_450,74.81090033205008
wellbore_chev_no_7_451,74.81090033205008
wellbore_chev_no_7_452,74.81090033205008
wellbore_chev_no_7_453,74.81090033205008
wellbore_chev_no_7_454,74.81090033205008
wellbore_chev_no_7_455,74.81090033205008
wellbore_chev_no_7_456,74.81090033205008
wellbore_chev_no_7_457,74.81090033205008
wellbore_chev_no_7_458,74.81090033205008
wellbore_chev_no_7_459,74.81090033205008
wellbore_chev_no_7_460,74.81090033205008
wellbore_chev_no_7_461,74.81090033205008
wellbore_chev_no_7_462,74.81090033205008
wellbore_chev_no_7_463,74.81090033205008
wellbore_chev_no_7_464,74.81090033205008
wellbore_chev_no_7_465,74.81090033205008
wellbore_chev_no_7_466,74.81090033205008
wellbore_chev_no_7_467,74.81090033205008
wellbore_chev_no_7_468,74.81090033205008
wellbore_chev_no_7_469,74.81090033205008
wellbore_chev_no_7_470,74.81090033205008
wellbore_chev_no_7_471,74.81090033205008
wellbore_chev_no_7_472,74.81090033205008
wellbore_chev_no_7_473,74.81090033205008
wellbore_chev_no_7_474,74.81090033205008
wellbore_chev_no_7_475,74.81090033205008
wellbore_chev_no_7_476,74.81090033205008
wellbore_chev_no_7_477,74.81090033205008
wellbore_chev_no_7_478,74.81090033205008
wellbore_chev_no_7_479,74.81090033205008
wellbore_chev_no_7_480,74.81090033205008
wellbore_chev_no_7_481,74.81090033205008
wellbore_chev_no_7_483,74.81090033205008
wellbore_chev_no_7_484,74.81090033205008
wellbore_chev_no_7_485,74.81090033205008
wellbore_chev_no_7_486,74.81090033205008
wellbore_chev_no_7_487,74.81090033205008
wellbore_chev_no_7_488,74.81090033205008
wellbore_chev_no_7_489,74.81090033205008
wellbore_chev_no_7_490,74.81090033205008
wellbore_chev_no_7_491,74.81090033205008
wellbore_chev_no_7_492,74.81090033205008
wellbore_chev_no_7_493,74.81090033205008
wellbore_chev_no_7_494,74.81090033205008
wellbore_chev_no_7_495,74.81090033205008
wellbore_chev_no_7_496,74.81090033205008
wellbore_chev_no_7_497,74.81090033205008
wellbore_chev_no_7_498,74.81090033205008
wellbore_chev_no_7_499,74.81090033205008
wellbore_chev_no_7_500,74.81090033205008
wellbore_chev_no_7_501,74.81090033205008
wellbore_chev_no_7_502,74.81090033205008
wellbore_chev_no_7_503,74.81090033205008
wellbore_chev_no_7_504,74.81090033205008
wellbore_chev_no_7_505,74.81090033205008
wellbore_chev_no_7_506,74.81090033205008
wellbore_chev_no_7_507,74.81090033205008
wellbore_chev_no_7_508,74.81090033205008
wellbore_chev_no_7_509,74.81090033205008
wellbore_chev_no_7_510,74.81090033205008
wellbore_chev_no_7_511,74.81090033205008
wellbore_chev_no_7_512,74.81090033205008
wellbore_chev_no_7_513,74.81090033205008
wellbore_chev_no_7_514,74.81090033205008
wellbore_chev_no_7_515,74.81090033205008
wellbore_chev_no_7_516,74.81090033205008
wellbore_chev_no_7_517,74.81090033205008
wellbore_chev_no_7_518,74.81090033205008
wellbore_chev_no_7_519,74.81090033205008
wellbore_chev_no_7_520,74.81090033205008
wellbore_chev_no_7_521,74.81090033205008
wellbore_chev_no_7_522,74.81090033205008
wellbore_chev_no_7_523,74.81090033205008
wellbore_chev_no_7_524,74.81090033205008
wellbore_chev_no_7_525,74.81090033205008
wellbore_chev_no_7_526,74.81090033205008
wellbore_chev_no_7_527,74.81090033205008
wellbore_chev_no_7_528,74.81090033205008
wellbore_chev_no_7_529,74.81090033205008
wellbore_chev_no_7_530,74.81090033205008
wellbore_chev_no_7_531,74.81090033205008
wellbore_chev_no_7_532,74.81090033205008
wellbore_chev_no_7_533,74.81090033205008
wellbore_chev_no_7_534,74.81090033205008
wellbore_chev_no_7_535,74.81090033205008
wellbore_chev_no_7_536,74.81090033205008
wellbore_chev_no_7_537,74.81090033205008
wellbore_chev_no_7_538,74.81090033205008
wellbore_chev_no_7_539,74.81090033205008
wellbore_chev_no_7_540,74.81090033205008
wellbore_chev_no_7_541,74.81090033205008
wellbore_chev_no_7_542,74.81090033205008
wellbore_chev_no_7_543,74.81090033205008
wellbore_chev_no_7_544,74.81090033205008
wellbore_chev_no_7_545,74.81090033205008
wellbore_chev_no_7_546,74.81090033205008
wellbore_chev_no_7_547,74.81090033205008
wellbore_chev_no_7_548,74.81090033205008
wellbore_chev_no_7_549,74.81090033205008
wellbore_chev_no_7_550,74.81090033205008
wellbore_chev_no_7_551,74.81090033205008
wellbore_chev_no_7_552,74.81090033205008
wellbore_chev_no_7_553,74.81090033205008
wellbore_chev_no_7_554,74.81090033205008
wellbore_chev_no_7_555,74.81090033205008
wellbore_chev_no_7_556,74.81090033205008
wellbore_chev_no_7_557,74.81090033205008
wellbore_chev_no_7_558,74.81090033205008
wellbore_chev_no_7_559,74.81090033205008
wellbore_chev_no_7_560,74.81090033205008
wellbore_chev_no_7_561,74.81090033205008
wellbore_chev_no_7_562,74.81090033205008
wellbore_chev_no_7_563,74.81090033205008
wellbore_chev_no_7_564,74.81090033205008
wellbore_chev_no_7_565,74.81090033205008
wellbore_chev_no_7_566,74.81090033205008
wellbore_chev_no_7_567,74.81090033205008
wellbore_chev_no_7_568,74.81090033205008
wellbore_chev_no_7_569,74.81090033205008
wellbore_chev_no_7_570,74.81090033205008
wellbore_chev_no_7_571,74.81090033205008
wellbore_chev_no_7_572,74.81090033205008
wellbore_chev_no_7_573,74.81090033205008
wellbore_chev_no_7_574,74.81090033205008
wellbore_chev_no_7_575,74.81090033205008
wellbore_chev_no_7_576,74.81090033205008
wellbore_chev_no_7_577,74.81090033205008
wellbore_chev_no_7_578,74.81090033205008
wellbore_chev_no_7_579,74.81090033205008
wellbore_chev_no_7_580,74.81090033205008
wellbore_chev_no_7_581,74.81090033205008
wellbore_chev_no_7_582,74.81090033205008
wellbore_chev_no_7_583,74.81090033205008
wellbore_chev_no_7_584,74.81090033205008
wellbore_chev_no_7_585,74.81090033205008
wellbore_chev_no_7_586,74.81090033205008
wellbore_chev_no_7_587,74.81090033205008
wellbore_chev_no_7_588,74.81090033205008
wellbore_chev_no_7_589,74.81090033205008
wellbore_chev_no_7_590,74.81090033205008
wellbore_chev_no_7_591,74.81090033205008
wellbore_chev_no_7_592,74.81090033205008
wellbore_chev_no_7_593,74.81090033205008
wellbore_chev_no_7_594,74.81090033205008
wellbore_chev_no_7_595,74.81090033205008
wellbore_chev_no_7_596,74.81090033205008
wellbore_chev_no_7_597,74.81090033205008
wellbore_chev_no_7_598,74.81090033205008
wellbore_chev_no_7_599,74.81090033205008
wellbore_chev_no_7_600,74.81090033205008
wellbore_chev_no_7_601,74.81090033205008
wellbore_chev_no_7_602,74.81090033205008
wellbore_chev_no_7_603,74.81090033205008
wellbore_chev_no_7_604,74.81090033205008
wellbore_chev_no_7_605,74.81090033205008
wellbore_chev_no_7_606,74.81090033205008
wellbore_chev_no_7_607,74.81090033205008
wellbore_chev_no_7_608,74.81090033205008
wellbore_chev_no_7_609,74.81090033205008
wellbore_chev_no_7_610,74.81090033205008
wellbore_chev_no_7_611,74.81090033205008
wellbore_chev_no_7_612,74.81090033205008
wellbore_chev_no_7_613,74.81090033205008
wellbore_chev_no_7_614,74.81090033205008
wellbore_chev_no_7_615,74.81090033205008
wellbore_chev_no_7_616,74.81090033205008
wellbore_chev_no_7_617,74.81090033205008
wellbore_chev_no_7_618,74.81090033205008
wellbore_chev_no_7_619,74.81090033205008
wellbore_chev_no_7_620,74.81090033205008
wellbore_chev_no_7_621,74.81090033205008
wellbore_chev_no_7_622,74.81090033205008
wellbore_chev_no_7_623,74.81090033205008
wellbore_chev_no_7_624,74.81090033205008
wellbore_chev_no_7_625,74.81090033205008
wellbore_chev_no_7_626,74.81090033205008
wellbore_chev_no_7_627,74.81090033205008
wellbore_chev_no_7_628,74.81090033205008
wellbore_chev_no_7_629,74.81090033205008
wellbore_chev_no_7_630,74.81090033205008
wellbore_chev_no_7_631,74.81090033205008
wellbore_chev_no_7_632,74.81090033205008
wellbore_chev_no_7_633,74.81090033205008
wellbore_chev_no_7_634,74.81090033205008
wellbore_chev_no_7_635,74.81090033205008
wellbore_chev_no_7_636,74.81090033205008
wellbore_chev_no_7_637,74.81090033205008
wellbore_chev_no_7_638,74.81090033205008
wellbore_chev_no_7_639,74.81090033205008
wellbore_chev_no_7_640,74.81090033205008
wellbore_chev_no_7_641,74.81090033205008
wellbore_chev_no_7_642,74.81090033205008
wellbore_chev_no_7_643,74.81090033205008
wellbore_chev_no_7_644,74.81090033205008
wellbore_chev_no_7_645,74.81090033205008
wellbore_chev_no_7_646,74.81090033205008
wellbore_chev_no_7_647,74.81090033205008
wellbore_chev_no_7_648,74.81090033205008
wellbore_chev_no_7_649,74.81090033205008
wellbore_chev_no_7_650,74.81090033205008
wellbore_chev_no_7_651,74.81090033205008
wellbore_chev_no_7_652,74.81090033205008
wellbore_chev_no_7_653,74.81090033205008
wellbore_chev_no_7_654,74.81090033205008
wellbore_chev_no_7_655,74.81090033205008
wellbore_chev_no_7_656,74.81090033205008
wellbore_chev_no_7_657,74.81090033205008
wellbore_chev_no_7_658,74.96776751810008
wellbore_chev_no_7_659,74.96776751810008
wellbore_chev_no_7_660,74.96776751810008
wellbore_chev_no_7_661,74.96776751810008
wellbore_chev_no_7_662,74.96776751810008
wellbore_chev_no_7_663,74.95516374652507
wellbore_chev_no_7_664,74.95516374652507
wellbore_chev_no_7_665,74.95516374652507
wellbore_chev_no_7_666,74.95516374652507
wellbore_chev_no_7_667,74.60346228185007
wellbore_chev_no_7_668,74.60346228185007
wellbore_chev_no_7_669,74.60346228185007
wellbore_chev_no_7_670,74.81090033205008
wellbore_chev_no_7_671,74.81090033205008
wellbore_chev_no_7_672,74.81090033205008
wellbore_chev_no_7_673,74.81090033205008
wellbore_chev_no_7_674,74.81090033205008
wellbore_chev_no_7_675,74.81090033205008
wellbore_chev_no_7_676,74.81090033205008
wellbore_chev_no_7_677,74.81090033205008
wellbore_chev_no_7_678,74.81090033205008
wellbore_chev_no_7_679,74.81090033205008
wellbore_chev_no_7_680,74.81090033205008
wellbore_chev_no_7_681,74.81090033205008
wellbore_chev_no_7_682,74.81090033205008
wellbore_chev_no_7_683,74.81090033205008
wellbore_chev_no_7_684,74.81090033205008
wellbore_chev_no_7_685,74.75243589090007
wellbore_chev_no_7_686,74.75243589090007
wellbore_chev_no_7_687,74.75243589090007
wellbore_chev_no_7_688,74.47748478295007
wellbore_chev_no_7_689,72.87991715740006
wellbore_chev_no_7_690,72.87991715740006
wellbore_chev_no_7_691,74.81090033205008
wellbore_chev_no_7_692,74.81090033205008
wellbore_chev_no_7_693,74.81090033205008
wellbore_chev_no_7_694,74.81090033205008
wellbore_chev_no_7_695,75.59596758130009
wellbore_chev_no_7_696,73.80408502285007
wellbore_chev_no_7_697,73.80408502285007
wellbore_chev_no_7_698,72.25294418057504
wellbore_chev_no_7_699,72.25294418057504
wellbore_chev_no_7_700,72.25294418057504
wellbore_chev_no_7_701,73.57774200792508
wellbore_chev_no_7_702,73.57774200792508
wellbore_chev_no_7_703,73.57774200792508
wellbore_chev_no_7_704,73.27088050892506
wellbore_chev_no_7_705,73.27088050892506
wellbore_chev_no_7_706,73.27088050892506
wellbore_chev_no_7_707,73.27088050892506
wellbore_chev_no_7_708,73.27088050892506
wellbore_chev_no_7_709,73.27088050892506
wellbore_chev_no_7_710,73.27088050892506
wellbore_chev_no_7_711,73.27088050892506
wellbore_chev_no_7_712,73.27088050892506
wellbore_chev_no_7_713,72.19256144547508
wellbore_chev_no_7_714,72.19256144547508
wellbore_chev_no_7_715,72.19256144547508
wellbore_chev_no_7_716,72.19256144547508
wellbore_chev_no_7_717,72.19256144547508
wellbore_chev_no_7_718,72.19256144547508
wellbore_chev_no_7_719,72.19256144547508
wellbore_chev_no_7_720,72.19256144547508
wellbore_chev_no_7_721,72.19256144547508
wellbore_chev_no_7_722,72.19256144547508
wellbore_chev_no_7_723,72.19256144547508
wellbore_chev_no_7_724,72.19256144547508
wellbore_chev_no_7_725,72.19256144547508
wellbore_chev_no_7_726,74.81090033205008
wellbore_chev_no_7_727,74.81090033205008
wellbore_chev_no_7_728,74.81090033205008
wellbore_chev_no_7_729,74.81090033205008
wellbore_chev_no_7_730,74.81090033205008
wellbore_chev_no_7_731,74.81090033205008
wellbore_chev_no_7_732,74.81090033205008
wellbore_chev_no_7_733,74.81090033205008
wellbore_chev_no_7_734,74.81090033205008
wellbore_chev_no_7_735,74.81090033205008
wellbore_chev_no_7_736,74.81090033205008
wellbore_chev_no_7_737,74.81090033205008
wellbore_chev_no_7_738,74.81090033205008
wellbore_chev_no_7_739,74.81090033205008
wellbore_chev_no_7_740,74.81090033205008
wellbore_chev_no_7_741,74.81090033205008
wellbore_chev_no_7_742,74.83137556715008
wellbore_chev_no_7_743,74.83137556715008
wellbore_chev_no_7_744,74.83137556715008
wellbore_chev_no_7_745,74.83137556715008
wellbore_chev_no_7_746,74.83137556715008
wellbore_chev_no_7_747,74.83137556715008
wellbore_chev_no_7_748,76.24440172650009
wellbore_chev_no_7_749,76.24440172650009
wellbore_chev_no_7_750,76.24440172650009
wellbore_chev_no_7_751,76.24440172650009
wellbore_chev_no_7_752,76.24440172650009
wellbore_chev_no_7_753,76.24440172650009
wellbore_chev_no_7_754,76.24440172650009
wellbore_chev_no_7_755,74.84717751412508
wellbore_chev_no_7_756,74.84717751412508
wellbore_chev_no_7_757,74.84717751412508
wellbore_chev_no_7_758,74.84717751412508
wellbore_chev_no_7_759,74.84717751412508
wellbore_chev_no_7_760,74.84717751412508
wellbore_chev_no_7_761,74.84717751412508
wellbore_chev_no_7_762,74.84717751412508
wellbore_chev_no_7_763,74.84717751412508
wellbore_chev_no_7_764,74.38673914867508
wellbore_chev_no_7_765,74.38673914867508
wellbore_chev_no_7_766,74.38673914867508
wellbore_chev_no_7_767,74.38673914867508
wellbore_chev_no_7_768,74.38673914867508
wellbore_chev_no_7_769,74.38673914867508
wellbore_chev_no_7_770,74.38673914867508
wellbore_chev_no_7_771,74.38673914867508
wellbore_chev_no_7_772,73.41288267117507
wellbore_chev_no_7_773,73.41288267117507
wellbore_chev_no_7_774,73.41288267117507
wellbore_chev_no_7_775,74.36616750120008
wellbore_chev_no_7_776,74.36616750120008
wellbore_chev_no_7_777,74.36616750120008
wellbore_chev_no_7_778,74.36616750120008
wellbore_chev_no_7_779,74.36616750120008
wellbore_chev_no_7_780,74.36616750120008
wellbore_chev_no_7_781,72.36398187067508
wellbore_chev_no_7_782,72.36398187067508
wellbore_chev_no_7_783,72.36398187067508
wellbore_chev_no_7_784,72.36398187067508
